{
    "강원 강릉시": [
        128.8968783,
        37.7518532
    ],
    "강원 고성군": [
        128.4673178,
        38.3807095
    ],
    "강원 동해시": [
        129.114442,
        37.5247193
    ],
    "강원 삼척시": [
        129.1658,
        37.44994
    ],
    "강원 속초시": [
        128.5918486,
        38.2070142
    ],
    "강원 양양군": [
        128.619519,
        38.075219
    ],
    "강원 영월군": [
        128.463527,
        37.183867
    ],
    "강원 원주시": [
        127.920162,
        37.342218
    ],
    "강원 정선군": [
        128.660615,
        37.38003
    ],
    "강원 춘천시": [
        127.729097,
        37.881221
    ],
    "강원 홍천군": [
        127.888925,
        37.697807
    ],
    "강원 횡성군": [
        127.985763,
        37.491031
    ],
    "경기 가평군": [
        127.509462,
        37.831524
    ],
    "경기 고양시": [
        126.832027,
        37.658359
    ],
    "경기 과천시": [
        126.987264,
        37.429474
    ],
    "경기 광명시": [
        126.864174,
        37.478038
    ],
    "경기 광주시": [
        127.255614,
        37.427568
    ],
    "경기 구리시": [
        127.129697,
        37.594228
    ],
    "경기 군포시": [
        126.935563,
        37.361859
    ],
    "경기 김포시": [
        126.715918,
        37.615145
    ],
    "경기 남양주시": [
        127.216524,
        37.636688
    ],
    "경기 동두천시": [
        127.061215,
        37.903041
    ],
    "경기 부천시": [
        126.766809,
        37.50331
    ],
    "경기 성남시": [
        127.138868,
        37.420065
    ],
    "경기 수원시": [
        127.0286,
        37.263573
    ],
    "경기 시흥시": [
        126.802776,
        37.380337
    ],
    "경기 안산시": [
        126.831217,
        37.321877
    ],
    "경기 안성시": [
        127.297205,
        37.007969
    ],
    "경기 안양시": [
        126.924466,
        37.394392
    ],
    "경기 양주시": [
        127.045391,
        37.785191
    ],
    "경기 양평군": [
        127.487941,
        37.491685
    ],
    "경기 여주시": [
        127.633284,
        37.298239
    ],
    "경기 연천군": [
        127.075773,
        38.09419
    ],
    "경기 오산시": [
        127.077022,
        37.149629
    ],
    "경기 용인시": [
        127.177649,
        37.241086
    ],
    "경기 의왕시": [
        126.968905,
        37.344412
    ],
    "경기 의정부시": [
        127.033785,
        37.73809
    ],
    "경기 이천시": [
        127.442853,
        37.272391
    ],
    "경기 파주시": [
        126.780978,
        37.759913
    ],
    "경기 평택시": [
        127.112654,
        36.99244
    ],
    "경기 포천시": [
        127.200439,
        37.894388
    ],
    "경기 하남시": [
        127.214109,
        37.538403
    ],
    "경기 화성시": [
        126.831678,
        37.199645
    ],
    "경남 거제시": [128.621964, 34.880644],
    "경남 거창군": [127.909652, 35.687056],
    "경남 고성군": [128.322724, 34.977914],
    "경남 김해시": [128.889500, 35.228064],
    "경남 밀양시": [128.746547, 35.503600],
    "경남 사천시": [128.064417, 35.003561],
    "경남 양산시": [129.037332, 35.335008],
    "경남 의령군": [128.261688, 35.322506],
    "경남 진주시": [128.084681, 35.180079],
    "경남 창녕군": [128.492183, 35.543097],
    "경남 창원시 마산합포구": [128.567638, 35.204774],
    "경남 창원시 마산회원구": [128.599208, 35.227124],
    "경남 창원시 성산구": [128.681901, 35.219779],
    "경남 창원시 의창구": [128.728301, 35.254647],
    "경남 창원시 진해구": [128.709243, 35.142847],
    "경남 통영시": [128.433046, 34.854573],
    "경남 하동군": [127.749674, 35.067796],
    "경남 함안군": [128.406261, 35.272486],
    "경남 함양군": [127.725157, 35.520513],
    "경북 경산시": [128.740904, 35.825024],
    "경북 경주시": [129.224748, 35.856171],
    "경북 고령군": [128.261733, 35.726474],
    "경북 구미시": [128.345273, 36.119485],
    "경북 김천시": [128.113030, 36.139768],
    "경북 문경시": [128.187854, 36.586558],
    "경북 봉화군": [128.735511, 36.893640],
    "경북 상주시": [128.158610, 36.410817],
    "경북 성주군": [128.282029, 35.919064],
    "경북 안동시": [128.729506, 36.568376],
    "경북 영덕군": [129.365619, 36.415354],
    "경북 영주시": [128.623046, 36.805653],
    "경북 영천시": [128.938887, 35.973340],
    "경북 예천군": [128.465472, 36.657099],
    "경북 울진군": [129.400183, 36.993079],
    "경북 의성군": [128.697985, 36.352838],
    "경북 청도군": [128.735043, 35.647245],
    "경북 칠곡군": [128.401026, 36.006202],
    "경북 포항시": [129.343480, 36.019033],
    "광주 광산구": [126.793433, 35.139163],
    "광주 남구": [126.902674, 35.005355],
    "광주 동구": [126.923841, 35.144182],
    "광주 북구": [126.912230, 35.174238],
    "광주 서구": [126.873603, 35.152426], 
    "대구 군위군": [128.572124, 36.239437],
    "대구 남구": [128.582574, 35.845526],
    "대구 달서구": [128.532611, 35.829120],
    "대구 달성군": [128.431356, 35.774699],
    "대구 동구": [128.635710, 35.886267],
    "대구 북구": [128.582887, 35.890594],
    "대구 서구": [128.559602, 35.871313],
    "대구 수성구": [128.630492, 35.858264],
    "대구 중구": [128.606848, 35.868627],
    "대전 대덕구": [127.418935, 36.346670],
    "대전 동구": [127.454601, 36.328407],
    "대전 서구": [127.384372, 36.355041],
    "대전 유성구": [127.335519, 36.362205],
    "대전 중구": [127.392782, 36.325335],
    "부산 강서구": [128.980024, 35.212106],
    "부산 금정구": [129.092749, 35.242010],
    "부산 기장군": [129.222580, 35.244524],
    "부산 남구": [129.084341, 35.136459],
    "부산 동구": [129.045486, 35.129753],
    "부산 동래구": [129.092594, 35.205057],
    "부산 부산진구": [129.059402, 35.163091],
    "부산 북구": [129.033181, 35.197538],
    "부산 사상구": [128.990144, 35.152662],
    "부산 사하구": [128.974276, 35.104257],
    "부산 서구": [129.020587, 35.083646],
    "부산 수영구": [129.115642, 35.162373],
    "부산 연제구": [129.087702, 35.176349],
    "부산 영도구": [129.067226, 35.082852],
    "부산 중구": [129.035282, 35.106588],
    "부산 해운대구": [129.163978, 35.163080],
    "세종 세종시": [127.289086, 36.480960],
    "울산 남구": [129.311518, 35.543480],
    "울산 동구": [129.428220, 35.504353],
    "울산 북구": [129.362316, 35.582785],
    "울산 울주군": [129.242933, 35.562208],
    "울산 중구": [129.332372, 35.566122],
    "인천 강화군": [126.487999, 37.746915],
    "인천 계양구": [126.737874, 37.538484],
    "인천 남동구": [126.731127, 37.447020],
    "인천 동구": [126.641835, 37.474789],
    "인천 미추홀구": [126.650504, 37.463218],
    "인천 부평구": [126.721798, 37.507897],
    "인천 서구": [126.675970, 37.545388],
    "인천 연수구": [126.678849, 37.410274],
    "인천 중구": [126.621624, 37.473355],
    "전남 강진군": [126.769591, 34.642248],
    "전남 고흥군": [127.284787, 34.607011],
    "전남 곡성군": [127.291472, 35.282300],
    "전남 광양시": [127.695846, 34.940696],
    "전남 구례군": [127.464286, 35.202494],
    "전남 나주시": [126.717048, 35.015382],
    "전남 담양군": [126.987130, 35.317490],
    "전남 목포시": [126.392166, 34.811835],
    "전남 무안군": [126.488762, 34.990159],
    "전남 보성군": [127.079703, 34.771630],
    "전남 순천시": [127.487213, 34.950670],
    "전남 여수시": [127.662222, 34.760406],
    "전남 영광군": [126.511655, 35.277084],
    "전남 영암군": [126.696632, 34.800949],
    "전남 장성군": [126.784462, 35.301753],
    "전남 장흥군": [126.907623, 34.683439],
    "전남 함평군": [126.516698, 35.065657],
    "전남 해남군": [126.599208, 34.571446],
    "전남 화순군": [126.986581, 35.064743],
    "전북 고창군": [126.704111, 35.435235],
    "전북 군산시": [126.737255, 35.967230],
    "전북 김제시": [126.880579, 35.803140],
    "전북 남원시": [127.390341, 35.416501],
    "전북 무주군": [127.660164, 36.006778],
    "전북 부안군": [126.733292, 35.731294],
    "전북 순창군": [127.137278, 35.374743],
    "전북 완주군": [127.162341, 35.903945],
    "전북 익산시": [126.954621, 35.948286],
    "전북 임실군": [127.288152, 35.617281],
    "전북 전주시": [127.148000, 35.824171],
    "전북 정읍시": [126.855623, 35.569671],
    "전북 진안군": [127.424365, 35.791640],
    "제주 서귀포시": [126.560031, 33.253077],
    "제주 제주시": [126.531188, 33.499621],
    "충남 계룡시": [127.248882, 36.274779],
    "충남 공주시": [127.119032, 36.446707],
    "충남 금산군": [127.488547, 36.108003],
    "충남 논산시": [127.098129, 36.187027],
    "충남 당진시": [126.629005, 36.889261],
    "충남 보령시": [126.612075, 36.333372],
    "충남 부여군": [126.909185, 36.274110],
    "충남 서산시": [126.459974, 36.784517],
    "충남 서천군": [126.691766, 36.080036],
    "충남 아산시": [127.004052, 36.789625],
    "충남 예산군": [126.850447, 36.682133],
    "충남 천안시": [127.113894, 36.815145],
    "충남 청양군": [126.804524, 36.461827],
    "충남 태안군": [126.297713, 36.745436],
    "충남 홍성군": [126.660117, 36.601728],