{
  "충남": [126.832020, 36.518376],
  "세종": [127.289261, 36.480351],
  "강원": [128.213223, 37.830307],
  "충북": [127.491352, 36.635860],
  "전북": [127.108759, 35.820466],
  "경북": [128.729671, 36.576032],
  "인천": [126.705206, 37.456256],
  "경기": [127.009217, 37.274869],
  "경남": [128.256732, 35.238324],
  "울산": [129.311430, 35.538377],
  "광주": [126.851338, 35.160032],
  "전남": [126.705974, 34.816073],
  "제주": [126.498302, 33.488962],
  "대구": [128.601445, 35.871409],
  "대전": [127.385002, 36.350439],
  "서울": [126.978388, 37.566610],
  "부산": [129.075641, 35.179554]
}
