{
    "강원 강릉시": [
        126.978,
        37.5665
    ],
    "강원 고성군": [
        126.988,
        37.576499999999996
    ],
    "강원 동해시": [
        126.99799999999999,
        37.5865
    ],
    "강원 삼척시": [
        127.008,
        37.5965
    ],
    "강원 속초시": [
        127.018,
        37.6065
    ],
    "강원 양구군": [
        127.02799999999999,
        37.616499999999995
    ],
    "강원 양양군": [
        127.038,
        37.6265
    ],
    "강원 영월군": [
        127.04799999999999,
        37.6365
    ],
    "강원 원주시": [
        127.05799999999999,
        37.646499999999996
    ],
    "강원 인제군": [
        127.068,
        37.6565
    ],
    "강원 정선군": [
        127.07799999999999,
        37.6665
    ],
    "강원 철원군": [
        127.088,
        37.6765
    ],
    "강원 춘천시": [
        127.098,
        37.686499999999995
    ],
    "강원 태백시": [
        127.10799999999999,
        37.6965
    ],
    "강원 평창군": [
        127.118,
        37.7065
    ],
    "강원 홍천군": [
        127.128,
        37.716499999999996
    ],
    "강원 화천군": [
        127.13799999999999,
        37.726499999999994
    ],
    "강원 횡성군": [
        127.148,
        37.7365
    ],
    "경기 가평군": [
        127.158,
        37.7465
    ],
    "경기 고양시": [
        127.16799999999999,
        37.756499999999996
    ],
    "경기 과천시": [
        127.178,
        37.7665
    ],
    "경기 광명시": [
        127.18799999999999,
        37.7765
    ],
    "경기 광주시": [
        127.198,
        37.7865
    ],
    "경기 구리시": [
        127.208,
        37.796499999999995
    ],
    "경기 군포시": [
        127.21799999999999,
        37.8065
    ],
    "경기 김포시": [
        127.228,
        37.8165
    ],
    "경기 남양주시": [
        127.238,
        37.826499999999996
    ],
    "경기 동두천시": [
        127.24799999999999,
        37.8365
    ],
    "경기 부천시": [
        127.258,
        37.8465
    ],
    "경기 성남시": [
        127.268,
        37.8565
    ],
    "경기 수원시": [
        127.27799999999999,
        37.866499999999995
    ],
    "경기 시흥시": [
        127.288,
        37.8765
    ],
    "경기 안산시": [
        127.29799999999999,
        37.8865
    ],
    "경기 안성시": [
        127.30799999999999,
        37.896499999999996
    ],
    "경기 안양시": [
        127.318,
        37.9065
    ],
    "경기 양주시": [
        127.32799999999999,
        37.9165
    ],
    "경기 양평군": [
        127.338,
        37.9265
    ],
    "경기 여주시": [
        127.348,
        37.936499999999995
    ],
    "경기 연천군": [
        127.35799999999999,
        37.9465
    ],
    "경기 오산시": [
        127.368,
        37.9565
    ],
    "경기 용인시": [
        127.378,
        37.966499999999996
    ],
    "경기 의왕시": [
        127.38799999999999,
        37.976499999999994
    ],
    "경기 의정부시": [
        127.398,
        37.9865
    ],
    "경기 이천시": [
        127.408,
        37.9965
    ],
    "경기 파주시": [
        127.41799999999999,
        38.006499999999996
    ],
    "경기 평택시": [
        127.428,
        38.0165
    ],
    "경기 포천시": [
        127.43799999999999,
        38.0265
    ],
    "경기 하남시": [
        127.448,
        38.0365
    ],
    "경기 화성시": [
        127.458,
        38.046499999999995
    ],
    "경남 거제시": [
        127.46799999999999,
        38.0565
    ],
    "경남 거창군": [
        127.478,
        38.0665
    ],
    "경남 고성군": [
        127.488,
        38.076499999999996
    ],
    "경남 김해시": [
        127.49799999999999,
        38.0865
    ],
    "경남 남해군": [
        127.508,
        38.0965
    ],
    "경남 밀양시": [
        127.518,
        38.1065
    ],
    "경남 사천시": [
        127.52799999999999,
        38.116499999999995
    ],
    "경남 산청군": [
        127.538,
        38.1265
    ],
    "경남 양산시": [
        127.54799999999999,
        38.1365
    ],
    "경남 의령군": [
        127.55799999999999,
        38.146499999999996
    ],
    "경남 진주시": [
        127.568,
        38.1565
    ],
    "경남 창녕군": [
        127.57799999999999,
        38.1665
    ],
    "경남 창원시 마산합포구": [
        127.588,
        38.1765
    ],
    "경남 창원시 마산회원구": [
        127.598,
        38.186499999999995
    ],
    "경남 창원시 성산구": [
        127.60799999999999,
        38.1965
    ],
    "경남 창원시 의창구": [
        127.618,
        38.2065
    ],
    "경남 창원시 진해구": [
        127.628,
        38.216499999999996
    ],
    "경남 통영시": [
        127.63799999999999,
        38.226499999999994
    ],
    "경남 하동군": [
        127.648,
        38.2365
    ],
    "경남 함안군": [
        127.658,
        38.2465
    ],
    "경남 함양군": [
        127.66799999999999,
        38.256499999999996
    ],
    "경남 합천군": [
        127.678,
        38.2665
    ],
    "경북 경산시": [
        127.68799999999999,
        38.2765
    ],
    "경북 경주시": [
        127.698,
        38.2865
    ],
    "경북 고령군": [
        127.708,
        38.296499999999995
    ],
    "경북 구미시": [
        127.71799999999999,
        38.3065
    ],
    "경북 김천시": [
        127.728,
        38.3165
    ],
    "경북 문경시": [
        127.738,
        38.326499999999996
    ],
    "경북 봉화군": [
        127.74799999999999,
        38.3365
    ],
    "경북 상주시": [
        127.758,
        38.3465
    ],
    "경북 성주군": [
        127.768,
        38.3565
    ],
    "경북 안동시": [
        127.77799999999999,
        38.366499999999995
    ],
    "경북 영덕군": [
        127.788,
        38.3765
    ],
    "경북 영양군": [
        127.79799999999999,
        38.3865
    ],
    "경북 영주시": [
        127.80799999999999,
        38.396499999999996
    ],
    "경북 영천시": [
        127.818,
        38.4065
    ],
    "경북 예천군": [
        127.82799999999999,
        38.4165
    ],
    "경북 울릉군": [
        127.838,
        38.4265
    ],
    "경북 울진군": [
        127.848,
        38.436499999999995
    ],
    "경북 의성군": [
        127.85799999999999,
        38.4465
    ],
    "경북 청도군": [
        127.868,
        38.4565
    ],
    "경북 청송군": [
        127.878,
        38.466499999999996
    ],
    "경북 칠곡군": [
        127.88799999999999,
        38.476499999999994
    ],
    "경북 포항시": [
        127.898,
        38.4865
    ],
    "광주 광산구": [
        127.908,
        38.4965
    ],
    "광주 남구": [
        127.91799999999999,
        38.506499999999996
    ],
    "광주 동구": [
        127.928,
        38.5165
    ],
    "광주 북구": [
        127.93799999999999,
        38.5265
    ],
    "광주 서구": [
        127.948,
        38.5365
    ],
    "대구 군위군": [
        127.958,
        38.546499999999995
    ],
    "대구 남구": [
        127.96799999999999,
        38.5565
    ],
    "대구 달서구": [
        127.978,
        38.5665
    ],
    "대구 달성군": [
        127.988,
        38.576499999999996
    ],
    "대구 동구": [
        127.99799999999999,
        38.5865
    ],
    "대구 북구": [
        128.00799999999998,
        38.5965
    ],
    "대구 서구": [
        128.018,
        38.6065
    ],
    "대구 수성구": [
        128.028,
        38.616499999999995
    ],
    "대구 중구": [
        128.03799999999998,
        38.6265
    ],
    "대전 대덕구": [
        128.048,
        38.6365
    ],
    "대전 동구": [
        128.058,
        38.646499999999996
    ],
    "대전 서구": [
        128.06799999999998,
        38.6565
    ],
    "대전 유성구": [
        128.078,
        38.6665
    ],
    "대전 중구": [
        128.088,
        38.6765
    ],
    "부산 강서구": [
        128.09799999999998,
        38.686499999999995
    ],
    "부산 금정구": [
        128.108,
        38.6965
    ],
    "부산 기장군": [
        128.118,
        38.7065
    ],
    "부산 남구": [
        128.128,
        38.716499999999996
    ],
    "부산 동구": [
        128.138,
        38.726499999999994
    ],
    "부산 동래구": [
        128.148,
        38.7365
    ],
    "부산 부산진구": [
        128.158,
        38.7465
    ],
    "부산 북구": [
        128.168,
        38.756499999999996
    ],
    "부산 사상구": [
        128.178,
        38.7665
    ],
    "부산 사하구": [
        128.188,
        38.7765
    ],
    "부산 서구": [
        128.198,
        38.7865
    ],
    "부산 수영구": [
        128.208,
        38.796499999999995
    ],
    "부산 연제구": [
        128.218,
        38.8065
    ],